id,name,slug,downloads,link
959743,Rebel-Tactics,rebel-tactics,679,https://www.curseforge.com/minecraft/modpacks/rebel-tactics
1198545,The Ultimate Goomer 'la Goober Pack | Now with added Goober!,the-goomer-pa,257,https://www.curseforge.com/minecraft/modpacks/the-goomer-pa
1386955,Sinborn Odyssey,sinborn-odyssey,154,https://www.curseforge.com/minecraft/modpacks/sinborn-odyssey
1366535,"Factory in space, a Create expedition",factory-in-space,560,https://www.curseforge.com/minecraft/modpacks/factory-in-space
1387060,Amblewood,amblewood,101,https://www.curseforge.com/minecraft/modpacks/amblewood
1265172,MustardCraft Server,mustardcraft-modpack,969,https://www.curseforge.com/minecraft/modpacks/mustardcraft-modpack
1392089,With The Boyzz - WTB,wtb,3,https://www.curseforge.com/minecraft/modpacks/wtb
848412,BozoSMP,bozosmp-modpack,3000,https://www.curseforge.com/minecraft/modpacks/bozosmp-modpack
1223235,Omni-Forged,omni-forged,707,https://www.curseforge.com/minecraft/modpacks/omni-forged
1391395,create fitted,create-fitted,28,https://www.curseforge.com/minecraft/modpacks/create-fitted
1369932,Gordos Smp,gordos-smp,122,https://www.curseforge.com/minecraft/modpacks/gordos-smp
1072076,CreateKraft,createkraft,206,https://www.curseforge.com/minecraft/modpacks/createkraft
360777,Broken Crayons,broken-crayons,1174,https://www.curseforge.com/minecraft/modpacks/broken-crayons
1223416,The Greater Craft Project,tgcp,580,https://www.curseforge.com/minecraft/modpacks/tgcp
1385540,Fracture Corp. Future In Our Hands,fracture-corp-future-in-our-hands,141,https://www.curseforge.com/minecraft/modpacks/fracture-corp-future-in-our-hands
1389333,GyepMester,gyepmester,32,https://www.curseforge.com/minecraft/modpacks/gyepmester
1346298,Createmon VirtuCraft,createmon-virtucraft,193,https://www.curseforge.com/minecraft/modpacks/createmon-virtucraft
1391827,Die Doerr Chroniken,die-doerr-chroniken,2,https://www.curseforge.com/minecraft/modpacks/die-doerr-chroniken
1316780,UMMM,ummm,285,https://www.curseforge.com/minecraft/modpacks/ummm
1286966,NEW FRONT SEASON1,new-front-season1,367,https://www.curseforge.com/minecraft/modpacks/new-front-season1
1387319,Industrial Create Revolution,industrial-create-revolution,127,https://www.curseforge.com/minecraft/modpacks/industrial-create-revolution
1391578,Dimension Hunters (XP's Version),dimension-hunter-xps-version,5,https://www.curseforge.com/minecraft/modpacks/dimension-hunter-xps-version
1391577,Patricks Playhouse,patricks-play-house,5,https://www.curseforge.com/minecraft/modpacks/patricks-play-house
1391569,Dimension Hunters,dimension-hunter,5,https://www.curseforge.com/minecraft/modpacks/dimension-hunter
1349584,TURKEY SANDWICH CRAFT,turkey-sandwich-craft,319,https://www.curseforge.com/minecraft/modpacks/turkey-sandwich-craft
848945,Slangermon,slangermon,243,https://www.curseforge.com/minecraft/modpacks/slangermon
1347074,Post Mined Craft,post-mined-craft,243,https://www.curseforge.com/minecraft/modpacks/post-mined-craft
1290905,create add plus,create-add-plus,238,https://www.curseforge.com/minecraft/modpacks/create-add-plus
1385548,Zentik Create,zentik-create,75,https://www.curseforge.com/minecraft/modpacks/zentik-create
1375428,Industrial Worlds,industrial-worlds,325,https://www.curseforge.com/minecraft/modpacks/industrial-worlds
1277331,JFF - Official,jff-official,495,https://www.curseforge.com/minecraft/modpacks/jff-official
1384607,Spellcycle,spellcycle,131,https://www.curseforge.com/minecraft/modpacks/spellcycle
1387755,Porco SMP,porco-smp,48,https://www.curseforge.com/minecraft/modpacks/porco-smp
1385704,Kumo O Tagayasu,kumo-o-tagayasu,9,https://www.curseforge.com/minecraft/modpacks/kumo-o-tagayasu
1382461,AgroKrach Create World,agrokrach-create-world,115,https://www.curseforge.com/minecraft/modpacks/agrokrach-create-world
1374807,Critically Failures Official,critically-failures-official,89,https://www.curseforge.com/minecraft/modpacks/critically-failures-official
956527,steam create,steam-create,591,https://www.curseforge.com/minecraft/modpacks/steam-create
1356661,MuseMaker,musemaker,180,https://www.curseforge.com/minecraft/modpacks/musemaker
1387108,The Eventually Rationalized Machine,the-eventually-rationalized-machine,53,https://www.curseforge.com/minecraft/modpacks/the-eventually-rationalized-machine
1060564,World Of Dust,world-of-dust,870,https://www.curseforge.com/minecraft/modpacks/world-of-dust
1389319,GomaCraft-II,gomacraft-ii,57,https://www.curseforge.com/minecraft/modpacks/gomacraft-ii
1384305,Industrial Mons,industrial-mons,52,https://www.curseforge.com/minecraft/modpacks/industrial-mons
1389071,Rune_Bound,runeboundmc,25,https://www.curseforge.com/minecraft/modpacks/runeboundmc
1380715,KelpCo Horizons,kelpco-horizons,99,https://www.curseforge.com/minecraft/modpacks/kelpco-horizons
1287620,Create: Industrialized Tech,create-industrialized-tech,3414,https://www.curseforge.com/minecraft/modpacks/create-industrialized-tech
1390452,Create from auwifa,create-from-auwifa,5,https://www.curseforge.com/minecraft/modpacks/create-from-auwifa
1273070,Fr3shpack - TooManyMods,fr3shpack-toomanymods,1431,https://www.curseforge.com/minecraft/modpacks/fr3shpack-toomanymods
1042387,Create: Delicious Exploration,create-delicious-exploration,4057,https://www.curseforge.com/minecraft/modpacks/create-delicious-exploration
1379781,stepiland experience,stepiland,108,https://www.curseforge.com/minecraft/modpacks/stepiland
1343826,CRAFTING FRIENDS,crafting-friends,63,https://www.curseforge.com/minecraft/modpacks/crafting-friends
1236792,Trial of Soul-Nightmare,nightmare-trial,282,https://www.curseforge.com/minecraft/modpacks/nightmare-trial
1388712,ERMOS,ermos,28,https://www.curseforge.com/minecraft/modpacks/ermos
1200603,Minecraft Z Edition,zedition,755,https://www.curseforge.com/minecraft/modpacks/zedition
1248408,The-Hatchery,the-hatchery,373,https://www.curseforge.com/minecraft/modpacks/the-hatchery
1371807,uppercraft,uppercrast,86,https://www.curseforge.com/minecraft/modpacks/uppercrast
1326954,Create: Something About Trains,create-something-about-trains,78,https://www.curseforge.com/minecraft/modpacks/create-something-about-trains
1389891,ZLIFE Warfare,zlife-warfare,5,https://www.curseforge.com/minecraft/modpacks/zlife-warfare
1237596,Create & Dinos,create-dinos,1816,https://www.curseforge.com/minecraft/modpacks/create-dinos
1264339,Factorio: Nuclear (OxMODPACK),factorio-nuclear,7789,https://www.curseforge.com/minecraft/modpacks/factorio-nuclear
615863,Lionheart Laboratories,lionheart-laboratories,8201,https://www.curseforge.com/minecraft/modpacks/lionheart-laboratories
1374902,Gear Forge,gear-forge,106,https://www.curseforge.com/minecraft/modpacks/gear-forge
1141152,Blighted Dreams,blighteddreams,761,https://www.curseforge.com/minecraft/modpacks/blighteddreams
1334909,Shun's Create,shuns-create,1577,https://www.curseforge.com/minecraft/modpacks/shuns-create
1386327,Create Definitive Experience,create-definitive-experience,88,https://www.curseforge.com/minecraft/modpacks/create-definitive-experience
1223874,Beyond Cosmo,beyond-cosmo,304276,https://www.curseforge.com/minecraft/modpacks/beyond-cosmo
1375289,StarbaseSMP - Apocalypse,starbasesmp-apocalypse,247,https://www.curseforge.com/minecraft/modpacks/starbasesmp-apocalypse
1329018,Create: Endüstri Smp,create-endustri-smp,416,https://www.curseforge.com/minecraft/modpacks/create-endustri-smp
1376314,Create & Cobblemon,create-cobblemons,220,https://www.curseforge.com/minecraft/modpacks/create-cobblemons
1388898,Mitchplay SMP: Season 0 [ReTake],mitchplay-smp-season-0-retake,7,https://www.curseforge.com/minecraft/modpacks/mitchplay-smp-season-0-retake
1388292,the funky fresh autism pack,the-funky-fresh-autism-pack,12,https://www.curseforge.com/minecraft/modpacks/the-funky-fresh-autism-pack
1381985,SubnautiCreate,subnauticreate,87,https://www.curseforge.com/minecraft/modpacks/subnauticreate
1145291,Termincraft 2,termincraft-modpack,3777,https://www.curseforge.com/minecraft/modpacks/termincraft-modpack
1131409,Create: Stranded at Sea,create-stranded-at-sea,123970,https://www.curseforge.com/minecraft/modpacks/create-stranded-at-sea
1388623,serwer za hajssss,serwer-za-hajssss,6,https://www.curseforge.com/minecraft/modpacks/serwer-za-hajssss
1154150,Create - Technomancy,create-technomancer,242,https://www.curseforge.com/minecraft/modpacks/create-technomancer
1289204,Create The Ultimate warfare,create-the-ultimate-warfare,3831,https://www.curseforge.com/minecraft/modpacks/create-the-ultimate-warfare
1231324,Neodium,neodium,1423,https://www.curseforge.com/minecraft/modpacks/neodium
1296905,Baufhmin's Colonies & Create,baufhmins-colonies-create,67,https://www.curseforge.com/minecraft/modpacks/baufhmins-colonies-create
1362422,Chaos & Curiosity,chaos-curiosity,179,https://www.curseforge.com/minecraft/modpacks/chaos-curiosity
365228,Delta's Mod Pack 12,deltas-mod-pack,446,https://www.curseforge.com/minecraft/modpacks/deltas-mod-pack
1368548,Potato MagiTech,modpack-potato,374,https://www.curseforge.com/minecraft/modpacks/modpack-potato
373084,"Magic, Cogs, and Demons",magic-cogs-demons,882,https://www.curseforge.com/minecraft/modpacks/magic-cogs-demons
1070660,YeSMP,yesmp,757,https://www.curseforge.com/minecraft/modpacks/yesmp
1351407,Deluxes SMP,deluxes-smp,642,https://www.curseforge.com/minecraft/modpacks/deluxes-smp
1362241,AccursedSMP,accursedsmp,506,https://www.curseforge.com/minecraft/modpacks/accursedsmp
1185682,Teachings of Zeta,teachings-of-zeta,304,https://www.curseforge.com/minecraft/modpacks/teachings-of-zeta
1372429,Temporal  Engineers,temporal-engineers,18,https://www.curseforge.com/minecraft/modpacks/temporal-engineers
1387261,INDUSTRIAL ISLAND,industrial-island,4,https://www.curseforge.com/minecraft/modpacks/industrial-island
1373005,Lima SMP,lima-smp,257,https://www.curseforge.com/minecraft/modpacks/lima-smp
1380427,Industrial Dawn,industrial-dawn,213,https://www.curseforge.com/minecraft/modpacks/industrial-dawn
1270452,ArdentCraft: Create,ardentcraft-create,577,https://www.curseforge.com/minecraft/modpacks/ardentcraft-create
1371077,A storm and an airship,astormandanairship,96,https://www.curseforge.com/minecraft/modpacks/astormandanairship
1372621,Nouveau Monde,nouveau-monde,249,https://www.curseforge.com/minecraft/modpacks/nouveau-monde
1383536,CIVILIZED - A New Era,civilized-a-new-era,78,https://www.curseforge.com/minecraft/modpacks/civilized-a-new-era
1384827,Create - Means of Production,create-means-of-production,32,https://www.curseforge.com/minecraft/modpacks/create-means-of-production
1341632,O_-_O,o---o,66,https://www.curseforge.com/minecraft/modpacks/o---o
1384615,Insanos,insanos,6,https://www.curseforge.com/minecraft/modpacks/insanos
1343057,Linggango,linggango,485310,https://www.curseforge.com/minecraft/modpacks/linggango
1377234,jaaj,jaaaj,486,https://www.curseforge.com/minecraft/modpacks/jaaaj
977616,MineLabs Network,minelabs-network-forge,855,https://www.curseforge.com/minecraft/modpacks/minelabs-network-forge
1339713,DudeSMP,dudesmp,531,https://www.curseforge.com/minecraft/modpacks/dudesmp
1384250,Techno-magic War,techno-magic-war,9,https://www.curseforge.com/minecraft/modpacks/techno-magic-war
1373703,Machines and Mythology,machines-and-mythology,303,https://www.curseforge.com/minecraft/modpacks/machines-and-mythology
1069975,ServerC Official (LMC),serverc-official-lmc,112,https://www.curseforge.com/minecraft/modpacks/serverc-official-lmc
1335410,team pkb pack,team-pkb-pack,190,https://www.curseforge.com/minecraft/modpacks/team-pkb-pack
1365916,RarYTerr. The bad days,raryterr,548,https://www.curseforge.com/minecraft/modpacks/raryterr
1320844,The End of the Universe,the-end-of-the-universe,110,https://www.curseforge.com/minecraft/modpacks/the-end-of-the-universe
880762,Harcore 3 lives!,minecraft-hardcore-3-lives,1152,https://www.curseforge.com/minecraft/modpacks/minecraft-hardcore-3-lives
1365672,MGNcraft Server Pack,mgncraft-server-pack,185,https://www.curseforge.com/minecraft/modpacks/mgncraft-server-pack
1371802,Good Bones,good-bones,69,https://www.curseforge.com/minecraft/modpacks/good-bones
1110791,Era of the Wyrm,grandexpanse,1431,https://www.curseforge.com/minecraft/modpacks/grandexpanse
1377291,create consequences,create-earth-server,227,https://www.curseforge.com/minecraft/modpacks/create-earth-server
1376597,To Prepare for War,to-prepare-for-war,105,https://www.curseforge.com/minecraft/modpacks/to-prepare-for-war
1168748,StrikeCraft Reloaded,strikecraft,3111,https://www.curseforge.com/minecraft/modpacks/strikecraft
1248822,Blockbusters,blockbusters,2265,https://www.curseforge.com/minecraft/modpacks/blockbusters
1381860,Momocraft V2,momocraft-v2,74,https://www.curseforge.com/minecraft/modpacks/momocraft-v2
933923,Infernape Craft,infernape-craft,297,https://www.curseforge.com/minecraft/modpacks/infernape-craft
1228925,Create What's Cooking,create-whats-cooking,32,https://www.curseforge.com/minecraft/modpacks/create-whats-cooking
1365977, Ecliptic End,minecraft-ecliptic-end,214,https://www.curseforge.com/minecraft/modpacks/minecraft-ecliptic-end
1381882,Create La Fabrica,create-la-fabrica,15,https://www.curseforge.com/minecraft/modpacks/create-la-fabrica
1234395,Godpack Stable,godpack-stable,199,https://www.curseforge.com/minecraft/modpacks/godpack-stable
1374770,Dead of the Overworld,dead-of-the-overworld,117,https://www.curseforge.com/minecraft/modpacks/dead-of-the-overworld
1377276,Forgotten Lands [UNITT],forgotten-lands-unitt,40,https://www.curseforge.com/minecraft/modpacks/forgotten-lands-unitt
1371391,Valley of Creativity,valley-of-creativity,70,https://www.curseforge.com/minecraft/modpacks/valley-of-creativity
1193856,DolphinSoup,dolphinsoup-fabric,263,https://www.curseforge.com/minecraft/modpacks/dolphinsoup-fabric
1305848,LuxeCraft SMP,luxecraft-smp,988,https://www.curseforge.com/minecraft/modpacks/luxecraft-smp
1370604,Snipe's War Fun,snipes-war-fun,143,https://www.curseforge.com/minecraft/modpacks/snipes-war-fun
1218239,Full Create 6.0.7+ & Horror,full-create-6-0-7-and-horror,2349,https://www.curseforge.com/minecraft/modpacks/full-create-6-0-7-and-horror
1265041,Artemiscraft: Iron Conflict,artemiscraft-iron-conflict,546,https://www.curseforge.com/minecraft/modpacks/artemiscraft-iron-conflict
1366951,Stellara: The New World,stellarathenewworld,101,https://www.curseforge.com/minecraft/modpacks/stellarathenewworld
1364519,NuttyPack,nuttypack,128,https://www.curseforge.com/minecraft/modpacks/nuttypack
1374481,Pix's Tech Pack,pixs-tech-pack,87,https://www.curseforge.com/minecraft/modpacks/pixs-tech-pack
1357494,Clash of Ages,clash-of-ages,381,https://www.curseforge.com/minecraft/modpacks/clash-of-ages
1373603,Radium SMP,radium-smp,88,https://www.curseforge.com/minecraft/modpacks/radium-smp
1262533,Voltz (Volts) Reimagined - Official Server,voltz-reimagined-official-server,1550,https://www.curseforge.com/minecraft/modpacks/voltz-reimagined-official-server
1371396,CreateCraft by Flamming90,createcraft-by-flamming90,160,https://www.curseforge.com/minecraft/modpacks/createcraft-by-flamming90
1359420,Kokscraft,kokscraft,264,https://www.curseforge.com/minecraft/modpacks/kokscraft
1123926,The Createverse,the-createverse,2661,https://www.curseforge.com/minecraft/modpacks/the-createverse
1373653,Nitwit's Collection,nitwits-collection,68,https://www.curseforge.com/minecraft/modpacks/nitwits-collection
1377942,Gearshift,gearshift,7,https://www.curseforge.com/minecraft/modpacks/gearshift
906732,KronCraft,kroncraft,340,https://www.curseforge.com/minecraft/modpacks/kroncraft
1365997,Everything Everywhere All At Once But Better,everything-everywhere-all-at-once-but-better,197,https://www.curseforge.com/minecraft/modpacks/everything-everywhere-all-at-once-but-better
1377252,Pope's Post-Apocalypse,popes-post-apocalypse,8,https://www.curseforge.com/minecraft/modpacks/popes-post-apocalypse
915049,Celerity X,celerity-x,1798,https://www.curseforge.com/minecraft/modpacks/celerity-x
1373171,Spinning Gears,spinning-gears,54,https://www.curseforge.com/minecraft/modpacks/spinning-gears
1376828,Zombie AND Heros,zombie-and-heros,20,https://www.curseforge.com/minecraft/modpacks/zombie-and-heros
1350543,The Reign of Kings New World,the-reign-of-kings-new-world,183,https://www.curseforge.com/minecraft/modpacks/the-reign-of-kings-new-world
1364098,Batom e Cafe,batom-e-cafe,133,https://www.curseforge.com/minecraft/modpacks/batom-e-cafe
1361816,Create Bigger War,create-bigger-war,86,https://www.curseforge.com/minecraft/modpacks/create-bigger-war
975379,Expeditionary Realms,expeditionary-realms,1145,https://www.curseforge.com/minecraft/modpacks/expeditionary-realms
961788,Backstübchen's Dream,backstubchens-dream,1239,https://www.curseforge.com/minecraft/modpacks/backstubchens-dream
1366735,FOREVER ADVENTURING,forever-adventuring,172,https://www.curseforge.com/minecraft/modpacks/forever-adventuring
1374866,UltimateCraft-survival ,ultimatecraft-survival,46,https://www.curseforge.com/minecraft/modpacks/ultimatecraft-survival
1372059,Create More Magic,create-more-magic,26,https://www.curseforge.com/minecraft/modpacks/create-more-magic
1375414,Forgotten Vibes,forgotten-vibes,19,https://www.curseforge.com/minecraft/modpacks/forgotten-vibes
1372034,Bameninghong Survival,bameninghong-survival,35,https://www.curseforge.com/minecraft/modpacks/bameninghong-survival
1297303,OFF: All Of Era,off-all-of-era,1811,https://www.curseforge.com/minecraft/modpacks/off-all-of-era
1371015,Full mods create (almost),full-mods-create-almost,24,https://www.curseforge.com/minecraft/modpacks/full-mods-create-almost
561589,Tough As Cookies,toughascookies,274,https://www.curseforge.com/minecraft/modpacks/toughascookies
1374996,noprexlon,noprexlon,10,https://www.curseforge.com/minecraft/modpacks/noprexlon
1211788,Create SixPack,create-sixpack,62,https://www.curseforge.com/minecraft/modpacks/create-sixpack
1373553,super desertstorm 2025,superdesertstorm2025,6,https://www.curseforge.com/minecraft/modpacks/superdesertstorm2025
1350284,Creative TFC,creative-tfc,272,https://www.curseforge.com/minecraft/modpacks/creative-tfc
1370418,Colonial Factories,createn-colonies,43,https://www.curseforge.com/minecraft/modpacks/createn-colonies
1335320,InfinityMidCraft,infinitymidcraft,434,https://www.curseforge.com/minecraft/modpacks/infinitymidcraft
1373823,Project Vivica,project-vee,21,https://www.curseforge.com/minecraft/modpacks/project-vee
1334951,Monsters&Machines,monstersandmachines,54,https://www.curseforge.com/minecraft/modpacks/monstersandmachines
1367625,BlockTopia  Age of Industry,blocktopia-age-of-industry,136,https://www.curseforge.com/minecraft/modpacks/blocktopia-age-of-industry
1319608,Stardust craft,stardust-craft,81,https://www.curseforge.com/minecraft/modpacks/stardust-craft
1124277,Interesting Industrialization!,the-g-ville-pack,1065,https://www.curseforge.com/minecraft/modpacks/the-g-ville-pack
1354451,PALSH Create With Friends,palsh-create-with-friends,39,https://www.curseforge.com/minecraft/modpacks/palsh-create-with-friends
1366153,Spelunky's GaggleCraft,spelunkys-gagglecraft,32,https://www.curseforge.com/minecraft/modpacks/spelunkys-gagglecraft
1372382,Create Whole lotta stuff,create-whole-lotta-stuff,11,https://www.curseforge.com/minecraft/modpacks/create-whole-lotta-stuff
1348919,AVN-minus,avn-minus,96,https://www.curseforge.com/minecraft/modpacks/avn-minus
1345659,CreateMons - COBBLEMON PACK,create-mons,489,https://www.curseforge.com/minecraft/modpacks/create-mons
1345351,Apocalypse Redefined 1.3 Big Update out now,apocalypse-redefined,146,https://www.curseforge.com/minecraft/modpacks/apocalypse-redefined
1371790,GamingWithFriends123,gamingwithfriends123,5,https://www.curseforge.com/minecraft/modpacks/gamingwithfriends123
1361434,Guarana Pack,guarana-pack,22,https://www.curseforge.com/minecraft/modpacks/guarana-pack
1366041,Resenha: First Steps,resenha-first-steps,57,https://www.curseforge.com/minecraft/modpacks/resenha-first-steps
1365256,Crasurion Age of Machines,crasurion-age-of-machines,21,https://www.curseforge.com/minecraft/modpacks/crasurion-age-of-machines
1333556,Brazilian SMP,brazilian-smp,73,https://www.curseforge.com/minecraft/modpacks/brazilian-smp
1371010,EM2J2Z,em2j2z,14,https://www.curseforge.com/minecraft/modpacks/em2j2z
1322599,Create: The Forgotten Design,create-the-forgotten-design,84,https://www.curseforge.com/minecraft/modpacks/create-the-forgotten-design
1365037,PLP2025,plp2025,73,https://www.curseforge.com/minecraft/modpacks/plp2025
1369307,TDLF,tdlf,11,https://www.curseforge.com/minecraft/modpacks/tdlf
834525,Better Adventures+,better-adventures-plus,1650616,https://www.curseforge.com/minecraft/modpacks/better-adventures-plus
1368356,Create + Gun real life,sanup,48,https://www.curseforge.com/minecraft/modpacks/sanup
1363360,Timochins,timochins,206,https://www.curseforge.com/minecraft/modpacks/timochins
1328035,Lost in Progress,lostinprogress,185,https://www.curseforge.com/minecraft/modpacks/lostinprogress
1347197,Homiescraft - Eternity,homiescraft-eternity,78,https://www.curseforge.com/minecraft/modpacks/homiescraft-eternity
1348424,Cobblemon Down The Kitchen Sink,cobblemon-down-the-kitchen-sink,194,https://www.curseforge.com/minecraft/modpacks/cobblemon-down-the-kitchen-sink
559041,ImprovedCraft,improvedcraft,1217,https://www.curseforge.com/minecraft/modpacks/improvedcraft
1220982,Project Everhaul,project-everhaul,88,https://www.curseforge.com/minecraft/modpacks/project-everhaul
1367750,Realms of Create,roc,11,https://www.curseforge.com/minecraft/modpacks/roc
1295521,The Pastlands SMP,the-pastlands-smp,1501,https://www.curseforge.com/minecraft/modpacks/the-pastlands-smp
960196,The Slimeworks,slimeworks,2011,https://www.curseforge.com/minecraft/modpacks/slimeworks
1245889,AdvoTech JJThunder,advotech-jjthunder,3934,https://www.curseforge.com/minecraft/modpacks/advotech-jjthunder
1366513,CreateZombies,createzombies,19,https://www.curseforge.com/minecraft/modpacks/createzombies
1366336,Return to the Front,return-to-the-front,11,https://www.curseforge.com/minecraft/modpacks/return-to-the-front
1366328,CreateMekanised,createmekanised,44,https://www.curseforge.com/minecraft/modpacks/createmekanised
1350548,MatrizJava,matrizjava,14,https://www.curseforge.com/minecraft/modpacks/matrizjava
1365562,DawnCrest Create SMP,dawncrest-create-smp,30,https://www.curseforge.com/minecraft/modpacks/dawncrest-create-smp
1351476,Slice Of Bread Server,goonplex-official-server-modpack,75,https://www.curseforge.com/minecraft/modpacks/goonplex-official-server-modpack
1343956,Akane's Quality Of Life,akanes-quality-of-life,508,https://www.curseforge.com/minecraft/modpacks/akanes-quality-of-life
1298792,Need of Creation,need-of-creation,246,https://www.curseforge.com/minecraft/modpacks/need-of-creation
1358218,Production and Destruction,production-and-destruction,13,https://www.curseforge.com/minecraft/modpacks/production-and-destruction
1099369,Nomispace Synergic Evolution (N.S.E),nomispace-synergic-evolution-n-s-e,388,https://www.curseforge.com/minecraft/modpacks/nomispace-synergic-evolution-n-s-e
1363411,Frostpunk Borealis,frostpunkborealis,206,https://www.curseforge.com/minecraft/modpacks/frostpunkborealis
1033089,Brimlight,brimlight,516,https://www.curseforge.com/minecraft/modpacks/brimlight
1351641,AgroKrach Majnr Boosted,agrokrach-majnr-boosted,273,https://www.curseforge.com/minecraft/modpacks/agrokrach-majnr-boosted
1122112,Create Holymen,createholymen,441,https://www.curseforge.com/minecraft/modpacks/createholymen
1288986,SCP Anomaly Craft,scp-anomaly-craft,1002,https://www.curseforge.com/minecraft/modpacks/scp-anomaly-craft
1362838,Traces Of Fantasy,traces-of-fantasy,13,https://www.curseforge.com/minecraft/modpacks/traces-of-fantasy
1360677,Midnight Pack (by Dekron),midnight-pack-by-dekron,22,https://www.curseforge.com/minecraft/modpacks/midnight-pack-by-dekron
938680,Volts Next Generation & Official Server ,volts-next-generation,2485,https://www.curseforge.com/minecraft/modpacks/volts-next-generation
1348744,Nexora Project,nexora-project,39,https://www.curseforge.com/minecraft/modpacks/nexora-project
1178599,The Chronicles of Adventurers,chronicles-of-adventurers,698,https://www.curseforge.com/minecraft/modpacks/chronicles-of-adventurers
1243740,touchenlanden,touchenlande,166,https://www.curseforge.com/minecraft/modpacks/touchenlande
1345675,Create- but not only..,create-but-not-only,130,https://www.curseforge.com/minecraft/modpacks/create-but-not-only
1360290,RedCraft Official,redcraft-official,16,https://www.curseforge.com/minecraft/modpacks/redcraft-official
1311924,Ground Zero (GZ),ground-zero-gz,185,https://www.curseforge.com/minecraft/modpacks/ground-zero-gz
1283888,"Epic  Tanks, Weather , Mobs  and More!",epic-mod-pack-tanks-weather-mobs-and-more,38,https://www.curseforge.com/minecraft/modpacks/epic-mod-pack-tanks-weather-mobs-and-more
1356570,Season 2 Maffman,season-2-maffman,81,https://www.curseforge.com/minecraft/modpacks/season-2-maffman
1356430,CFA (CREATE FOR ALL),cfa-create-for-all,13,https://www.curseforge.com/minecraft/modpacks/cfa-create-for-all
1359145,Shork,shork,11,https://www.curseforge.com/minecraft/modpacks/shork
1334772,Busted Create,busted-create,122,https://www.curseforge.com/minecraft/modpacks/busted-create
1341316,Life After the Dead,life-after-the-dead,30,https://www.curseforge.com/minecraft/modpacks/life-after-the-dead
1357979,RareGhost's Create Collection,rareghosts-create-collection,25,https://www.curseforge.com/minecraft/modpacks/rareghosts-create-collection
1357035,Fox's Create a Lot,foxs-create-a-lot,85,https://www.curseforge.com/minecraft/modpacks/foxs-create-a-lot
1352217,Chill & Diam's,chill-diams,40,https://www.curseforge.com/minecraft/modpacks/chill-diams
1354156,Neutron7ix - Universe,neutron7ix-universe,133,https://www.curseforge.com/minecraft/modpacks/neutron7ix-universe
1355546,ScarletOrigin,ppm-modpack,65,https://www.curseforge.com/minecraft/modpacks/ppm-modpack
1344181,ACB Kingdoms Revamped,acb-kingdoms-revamped,160,https://www.curseforge.com/minecraft/modpacks/acb-kingdoms-revamped
1279486,Create: Rabutz,create-rabutz,121,https://www.curseforge.com/minecraft/modpacks/create-rabutz
1237030,[AHM] A New Dawn [HF],ahm-a-new-dawn,407,https://www.curseforge.com/minecraft/modpacks/ahm-a-new-dawn
1357158,Teto's Cooked Fantasy Adventure,tetos-cooked-fantasy-adventure,48,https://www.curseforge.com/minecraft/modpacks/tetos-cooked-fantasy-adventure
1315504,Novam Vitam,novam-vitam,402,https://www.curseforge.com/minecraft/modpacks/novam-vitam
1354072,Everdown,everdown,29,https://www.curseforge.com/minecraft/modpacks/everdown
1335533,Create: Big War,create-big-war,445,https://www.curseforge.com/minecraft/modpacks/create-big-war
1352123,Create Chronicles: Bosses and Beyond Enriched,create-chronicles-bosses-and-beyond-enriched,159,https://www.curseforge.com/minecraft/modpacks/create-chronicles-bosses-and-beyond-enriched
1294231,Land of Cogs,land-of-cogs,131,https://www.curseforge.com/minecraft/modpacks/land-of-cogs
858513,CanPacificCraft,canpacificcraft,465,https://www.curseforge.com/minecraft/modpacks/canpacificcraft
1346650,CacheNetworks,cachenetworks,43,https://www.curseforge.com/minecraft/modpacks/cachenetworks
1352750,Withering Dawn,withering-dawn,22,https://www.curseforge.com/minecraft/modpacks/withering-dawn
1350691,villlagecraft,villlagecraft,42,https://www.curseforge.com/minecraft/modpacks/villlagecraft
1338146,Survival Smp Server,survival-smp-mods,63,https://www.curseforge.com/minecraft/modpacks/survival-smp-mods
1037554,Create A Potat,create-a-potat,119,https://www.curseforge.com/minecraft/modpacks/create-a-potat
1337876,Vision-Craft.net,vision-craft-net,146,https://www.curseforge.com/minecraft/modpacks/vision-craft-net
1346733,Simple Degeneracy,simple-degeneracy,102,https://www.curseforge.com/minecraft/modpacks/simple-degeneracy
1347824,Eternal Horizons Daybreak,eternal-horizons-daybreak,71,https://www.curseforge.com/minecraft/modpacks/eternal-horizons-daybreak
1251776,Tech-Craft MC,tech-craft-mc,71,https://www.curseforge.com/minecraft/modpacks/tech-craft-mc
1217255,Crustose Case Crusaders!,crustose-case-crusade,105,https://www.curseforge.com/minecraft/modpacks/crustose-case-crusade
1325766,AutoCrafted-Create & More!,autocrafted-create-more,314,https://www.curseforge.com/minecraft/modpacks/autocrafted-create-more
1334852,AllAroundCreate,allaroundcreate,163,https://www.curseforge.com/minecraft/modpacks/allaroundcreate
974258,ChaosZProject - A Modern Zombie Apocalypse [VR],chaoszproject,107077,https://www.curseforge.com/minecraft/modpacks/chaoszproject
1183178,DivineIronGamer's Legendpack,divineirongamers-legendpack,364,https://www.curseforge.com/minecraft/modpacks/divineirongamers-legendpack
538235,Mindart's Multiverse,mindarts-mod-packs,1121,https://www.curseforge.com/minecraft/modpacks/mindarts-mod-packs
1248821,Create a Good Time,create-a-good-time,279,https://www.curseforge.com/minecraft/modpacks/create-a-good-time
356103,Chime Time IX,chimetime,2043,https://www.curseforge.com/minecraft/modpacks/chimetime
1332249,Spimgly,spimgly,185,https://www.curseforge.com/minecraft/modpacks/spimgly
559578,Project Ocelot,project-ocelot,207,https://www.curseforge.com/minecraft/modpacks/project-ocelot
1314872,Total Pack,totalpack,1018,https://www.curseforge.com/minecraft/modpacks/totalpack
1334899,CeaseKill - The Big 'Pocalypse,ceasekill-the-big-pocalypse,33,https://www.curseforge.com/minecraft/modpacks/ceasekill-the-big-pocalypse
1344214,IGE (It's gonna explode),ige-its-gonna-explode,19,https://www.curseforge.com/minecraft/modpacks/ige-its-gonna-explode
1342920,Heroes & Villians,heroes-villians,167,https://www.curseforge.com/minecraft/modpacks/heroes-villians
1025409,Project Muffin,projectmuffin,360,https://www.curseforge.com/minecraft/modpacks/projectmuffin
1252194,Spawn Hollow,spawn-hollow,279,https://www.curseforge.com/minecraft/modpacks/spawn-hollow
1304983,UMC Deadeye,umc-deadeye,235,https://www.curseforge.com/minecraft/modpacks/umc-deadeye
1060671,M.M.M.M,mmmmmodpack,984,https://www.curseforge.com/minecraft/modpacks/mmmmmodpack
1328785,Create Colony and the new world,create-colony-and-the-new-world,54,https://www.curseforge.com/minecraft/modpacks/create-colony-and-the-new-world
1309052,Fallen Realms RPG,fallen-realms-rpg,143,https://www.curseforge.com/minecraft/modpacks/fallen-realms-rpg
1329084,Steamforge Content,sf-content,155,https://www.curseforge.com/minecraft/modpacks/sf-content
1332746,Creators of the Man Cave,creators-in-the-man-cave,62,https://www.curseforge.com/minecraft/modpacks/creators-in-the-man-cave
1338779,The Adventure Craft SMP,kuzs-modpack,8,https://www.curseforge.com/minecraft/modpacks/kuzs-modpack
1288257,NAU,nau,394,https://www.curseforge.com/minecraft/modpacks/nau
1337400,Create Rewritten History,create-rewritten-history,63,https://www.curseforge.com/minecraft/modpacks/create-rewritten-history
1334795,CreateYourMaX-,createyourmax,12,https://www.curseforge.com/minecraft/modpacks/createyourmax
1264938,Shadowland+,shadowland-vanilla,39,https://www.curseforge.com/minecraft/modpacks/shadowland-vanilla
1324613,A Crazy Adventure: Science & Survival,a-crazy-adventure-science-survival,224,https://www.curseforge.com/minecraft/modpacks/a-crazy-adventure-science-survival
1250060,yuusha,yuusha-sigmaboi,401,https://www.curseforge.com/minecraft/modpacks/yuusha-sigmaboi
1326476,SGM- Tech and Magic,sgm-modpack-ripimposterpack,86,https://www.curseforge.com/minecraft/modpacks/sgm-modpack-ripimposterpack
1324845,Kingdom of Macotera,kingdom-of-macotera,168,https://www.curseforge.com/minecraft/modpacks/kingdom-of-macotera
1331034,Dragons Memory,dragons-memory,146,https://www.curseforge.com/minecraft/modpacks/dragons-memory
1331557,VOID SMP [ Small smp],void-smp-small-smp,50,https://www.curseforge.com/minecraft/modpacks/void-smp-small-smp
1267421,MakerBundle,makerbundle,64,https://www.curseforge.com/minecraft/modpacks/makerbundle
1108503,Create: Dive Deep,create-dive-deep,1938,https://www.curseforge.com/minecraft/modpacks/create-dive-deep
1332658,Create Euphoria,create-euphoria,7,https://www.curseforge.com/minecraft/modpacks/create-euphoria
964350,Voxel Runner's Official Modpack (DISCONTINUED),vrom,2484,https://www.curseforge.com/minecraft/modpacks/vrom
599451,Earth Cube,earth-cube,1012,https://www.curseforge.com/minecraft/modpacks/earth-cube
1331545,The Wars Within,the-wars-within,12,https://www.curseforge.com/minecraft/modpacks/the-wars-within
1330941,Automation Nations!,automation-nations,15,https://www.curseforge.com/minecraft/modpacks/automation-nations
1328812,"Ambition, Technology and Crafts",ambition-techs-crafts,9,https://www.curseforge.com/minecraft/modpacks/ambition-techs-crafts
1325447,Love & War X,love-war-x,63,https://www.curseforge.com/minecraft/modpacks/love-war-x
1208149,Etar Sky R,etar-sky-r,9159,https://www.curseforge.com/minecraft/modpacks/etar-sky-r
1247122,Create and Build,create-and-build,161,https://www.curseforge.com/minecraft/modpacks/create-and-build
1327313,Factory Adventures,factory-adventures,88,https://www.curseforge.com/minecraft/modpacks/factory-adventures
1311289,KriegKraft,k-k,142,https://www.curseforge.com/minecraft/modpacks/k-k
1326739,Arkenium,arkenium,28,https://www.curseforge.com/minecraft/modpacks/arkenium
1037702,Onbeland,onbeland,214,https://www.curseforge.com/minecraft/modpacks/onbeland
1326007,CubeWorks Quality Pack,cubeworks-quality-pack,5,https://www.curseforge.com/minecraft/modpacks/cubeworks-quality-pack
1161865,CircuitCraft: Reborn,circuitcraft-modpack,1086,https://www.curseforge.com/minecraft/modpacks/circuitcraft-modpack
1324458,los pollos a broken bad enhance,los-pollos-a-broken-bad-modpack,42,https://www.curseforge.com/minecraft/modpacks/los-pollos-a-broken-bad-modpack
1305741,terraCalypse,t-terracalypse,185,https://www.curseforge.com/minecraft/modpacks/t-terracalypse
1247495,Bonifacio SMP,bonifacio-smp,329,https://www.curseforge.com/minecraft/modpacks/bonifacio-smp
1217635,Create: Modern Warfare,create-modern-warfare,17692,https://www.curseforge.com/minecraft/modpacks/create-modern-warfare
1310503,The Ventura Project,the-ventura-project,219,https://www.curseforge.com/minecraft/modpacks/the-ventura-project
1282047,Soviet Dominion - Uprising ,soviet-dominon,756,https://www.curseforge.com/minecraft/modpacks/soviet-dominon
1272220,Lost Tech of Supernatural Lands: New Lands,ltosl-newlands,630,https://www.curseforge.com/minecraft/modpacks/ltosl-newlands
1209643,Unlimited travel [forge],utl,112,https://www.curseforge.com/minecraft/modpacks/utl
1200032,"Guns, Dragons, and Death!",hardened-automation,459,https://www.curseforge.com/minecraft/modpacks/hardened-automation
1216016,Chaots: Create+,chaots-create-plus,599,https://www.curseforge.com/minecraft/modpacks/chaots-create-plus
885927,Ultimate Realms SMP,ultimate-realms-smp,797,https://www.curseforge.com/minecraft/modpacks/ultimate-realms-smp
1128247,♦︎Create♦︎    ◎OverStresed◎,create-overstresed,318,https://www.curseforge.com/minecraft/modpacks/create-overstresed
1308849,Create Skylense,create-skylense,219,https://www.curseforge.com/minecraft/modpacks/create-skylense
1298014,Create Nation : Build your civilisation,create-nation-build-your-civilisation,220,https://www.curseforge.com/minecraft/modpacks/create-nation-build-your-civilisation
1316087,Peter's tech madness,peters-tech-madness,9,https://www.curseforge.com/minecraft/modpacks/peters-tech-madness
1282428,Naano - Utalyoa Edition,naano-mc-utalyoa-edition,435,https://www.curseforge.com/minecraft/modpacks/naano-mc-utalyoa-edition
1302713,Create:Space Age,create-space-age,202,https://www.curseforge.com/minecraft/modpacks/create-space-age
1086306,Create: Inventor's Paradise,create-inventors-paradise,165,https://www.curseforge.com/minecraft/modpacks/create-inventors-paradise
993424,Zee’s Ultimate Adventure,zeesultimateadventure,1135,https://www.curseforge.com/minecraft/modpacks/zeesultimateadventure
1292595,MCRP Adventures,mcrp-adventures,42,https://www.curseforge.com/minecraft/modpacks/mcrp-adventures
1114592, Industrialized,phillips-perfect-create-modpack,1882,https://www.curseforge.com/minecraft/modpacks/phillips-perfect-create-modpack
1303769,The Weirdos Experience,the-weirdos-experience,76,https://www.curseforge.com/minecraft/modpacks/the-weirdos-experience
1292141,Divine Chaos Project,divine-chaos-project,149,https://www.curseforge.com/minecraft/modpacks/divine-chaos-project
1140816,Create: Beyond Industry [DISCONTINUED],create-beyond-industry,2390,https://www.curseforge.com/minecraft/modpacks/create-beyond-industry
1299745,Endgame Protocol,endgame-protocol,232,https://www.curseforge.com/minecraft/modpacks/endgame-protocol
1234505,Black Vault: Archives,black-vault-archives,627,https://www.curseforge.com/minecraft/modpacks/black-vault-archives
1298406,All of Canela Diet Edition,all-of-canela-diet-edition,173,https://www.curseforge.com/minecraft/modpacks/all-of-canela-diet-edition
1280763,The Day After [TDA],the-day-after-tda,168,https://www.curseforge.com/minecraft/modpacks/the-day-after-tda
1297530,The Hard Craft,the-hard-craft,87,https://www.curseforge.com/minecraft/modpacks/the-hard-craft
1305125,Nuvetra,nuvetra,7,https://www.curseforge.com/minecraft/modpacks/nuvetra
957322,Koi Craft,koi-craft,1129,https://www.curseforge.com/minecraft/modpacks/koi-craft
1304469,TSO’s Future Bloom,tsos-future-bloom,44,https://www.curseforge.com/minecraft/modpacks/tsos-future-bloom
1281902,Adventurecraft: Create Editon,adventurecraft-create-editon,568,https://www.curseforge.com/minecraft/modpacks/adventurecraft-create-editon
1232453,Weeknight-Eclipse,weeknight-eclipse,195,https://www.curseforge.com/minecraft/modpacks/weeknight-eclipse
1297263,Sinepack,sinepack,59,https://www.curseforge.com/minecraft/modpacks/sinepack
1277670,The Gang Gets Creative,the-gang-gets-creative,289,https://www.curseforge.com/minecraft/modpacks/the-gang-gets-creative
1276520,Souls Automation,souls-automation,23,https://www.curseforge.com/minecraft/modpacks/souls-automation
829341,SauciTown,saucitown,1185,https://www.curseforge.com/minecraft/modpacks/saucitown
1296939,Create EU,create-eu,150,https://www.curseforge.com/minecraft/modpacks/create-eu
1295958,Novus Orbis,novus-orbis,51,https://www.curseforge.com/minecraft/modpacks/novus-orbis
1300473,Create: Skies of the Aether,create-skies-of-the-aether,24,https://www.curseforge.com/minecraft/modpacks/create-skies-of-the-aether
1163910,NonociaCreate,nonociacreate,204,https://www.curseforge.com/minecraft/modpacks/nonociacreate
1278996,Colony: Expeditions,colony-expeditions,441,https://www.curseforge.com/minecraft/modpacks/colony-expeditions
1287388,(FROZEN! IT DOESN'T WORK!)Create: In the Shadow of the Universes,create-in-the-shadow-of-the-universes,15,https://www.curseforge.com/minecraft/modpacks/create-in-the-shadow-of-the-universes
1276949,Industrial Nightmare,industrial-nightmare,58,https://www.curseforge.com/minecraft/modpacks/industrial-nightmare
1287580,TechnoArcana: Machinations of Horror,technoarcana-machinations-of-horror,116,https://www.curseforge.com/minecraft/modpacks/technoarcana-machinations-of-horror
1297493,Bare Bones RPG Co-op pack,bare-bones-rpg-coop-pack,46,https://www.curseforge.com/minecraft/modpacks/bare-bones-rpg-coop-pack
1283984,The Last Krafter,the-last-krafter,947,https://www.curseforge.com/minecraft/modpacks/the-last-krafter
1040872,HorizonEdge,horizonedge,1549,https://www.curseforge.com/minecraft/modpacks/horizonedge
1289747,Warline Create Warfare,wl-create-warfare,171,https://www.curseforge.com/minecraft/modpacks/wl-create-warfare
1247858,Soulspark,soulspark,484,https://www.curseforge.com/minecraft/modpacks/soulspark
1289536,Kebab SMP,kebab-smp,53,https://www.curseforge.com/minecraft/modpacks/kebab-smp
1247984,Brixton Buttered Crumpets,brixton-buttered-crumpets,177,https://www.curseforge.com/minecraft/modpacks/brixton-buttered-crumpets
1257089,Freedom Force,freedom-force,199,https://www.curseforge.com/minecraft/modpacks/freedom-force
1278893,Let's Create : a New World,lets-create-a-new-world,63,https://www.curseforge.com/minecraft/modpacks/lets-create-a-new-world
1232091,Gallito's Forged Adventure,gallitos-forged-adventure,129,https://www.curseforge.com/minecraft/modpacks/gallitos-forged-adventure
1282263,smp pugmans fixed,smp-pugmans-fixed,53,https://www.curseforge.com/minecraft/modpacks/smp-pugmans-fixed
1279683,Lumotis:ROTL (LowEnd),lumotis-rotl-lowend,185,https://www.curseforge.com/minecraft/modpacks/lumotis-rotl-lowend
1279686,Lumotis:ROTL (HighQuality),lumotis-rotl-highquality,223,https://www.curseforge.com/minecraft/modpacks/lumotis-rotl-highquality
1270985,girl power brellafied,girl-power-brellafied,64,https://www.curseforge.com/minecraft/modpacks/girl-power-brellafied
914247,Asylum - Trails and Tales,asylum-trails-and-tales,1914,https://www.curseforge.com/minecraft/modpacks/asylum-trails-and-tales
1013368,West Florida,west-florida,766,https://www.curseforge.com/minecraft/modpacks/west-florida
1273028,Grand Adventura,grand-adventura,168,https://www.curseforge.com/minecraft/modpacks/grand-adventura
1274350,ClouddCraft Factions,clouddcraft-factions,189,https://www.curseforge.com/minecraft/modpacks/clouddcraft-factions
1282777,Summer Fest,summer-fest,30,https://www.curseforge.com/minecraft/modpacks/summer-fest
1280791,SURVIVAL CREATE - T3,survival-create-t3,97,https://www.curseforge.com/minecraft/modpacks/survival-create-t3
1233270,EraKraft Definitive,erakraft-definitive,117,https://www.curseforge.com/minecraft/modpacks/erakraft-definitive
1279925,Create: Adventurous Engineering,create-adventurous-engineering,67,https://www.curseforge.com/minecraft/modpacks/create-adventurous-engineering
1280274,Industrial Odyssey,industrial-odyssey,100,https://www.curseforge.com/minecraft/modpacks/industrial-odyssey
1280242,PIXELKRAFT,pixelkraft,58,https://www.curseforge.com/minecraft/modpacks/pixelkraft
1171680,happy ,happy-lightweight,578,https://www.curseforge.com/minecraft/modpacks/happy-lightweight
1279834,C.C.R.R (Create Central Rail Road),c-c-r-r-create-central-rail-road,145,https://www.curseforge.com/minecraft/modpacks/c-c-r-r-create-central-rail-road
1272743,Create: Endless IDeas,create-endless-ideas,150,https://www.curseforge.com/minecraft/modpacks/create-endless-ideas
1246440,Create: Unhinged,create-unhinged,407,https://www.curseforge.com/minecraft/modpacks/create-unhinged
1271791,OverclockedSMP [BETA],overclockedsmp-beta,44,https://www.curseforge.com/minecraft/modpacks/overclockedsmp-beta
1256658,DruellaCraft,druellacraft,229,https://www.curseforge.com/minecraft/modpacks/druellacraft
1273573,Create Chaos Cube,create-chaos-cube,92,https://www.curseforge.com/minecraft/modpacks/create-chaos-cube
1257030,EqtCraft,eqtcraft,196,https://www.curseforge.com/minecraft/modpacks/eqtcraft
1236975,#SassQueen Gaming,sassqueen-gaming-modpack,371,https://www.curseforge.com/minecraft/modpacks/sassqueen-gaming-modpack
965582,NederCrafters,nedercrafters-modpack,969,https://www.curseforge.com/minecraft/modpacks/nedercrafters-modpack
1230122,Life Sim,life-sim,599,https://www.curseforge.com/minecraft/modpacks/life-sim
1211750,MC myanmar,play-fight-with-your-friends,153,https://www.curseforge.com/minecraft/modpacks/play-fight-with-your-friends
902507,BuildCraft X Create,bxc,5498,https://www.curseforge.com/minecraft/modpacks/bxc
1256276,NerdHaus Adventures,nerdhaus-adventures,165,https://www.curseforge.com/minecraft/modpacks/nerdhaus-adventures
1272649,Mazak's just Create,mazaks-just-create,11,https://www.curseforge.com/minecraft/modpacks/mazaks-just-create
1264727,NekoCraft!,nekocraftpack,288,https://www.curseforge.com/minecraft/modpacks/nekocraftpack
1271134,Beeg MC Earth,beeg-mc-earth,52,https://www.curseforge.com/minecraft/modpacks/beeg-mc-earth
766916,MC-FACTORY,mc-factory,8484,https://www.curseforge.com/minecraft/modpacks/mc-factory
1206093,Fated Curse,fated-curse,588,https://www.curseforge.com/minecraft/modpacks/fated-curse
1243227,Lost Notes,lost-notes,47,https://www.curseforge.com/minecraft/modpacks/lost-notes
1266739,The Gang Goes Splorin,the-gang-goes-splorin,91,https://www.curseforge.com/minecraft/modpacks/the-gang-goes-splorin
1268330,Chronicles of Arcadia: A Journey to Magitech [CAJM],cajm,1615,https://www.curseforge.com/minecraft/modpacks/cajm
1250967,Steamcraft (Create),steamcraft-create,286,https://www.curseforge.com/minecraft/modpacks/steamcraft-create
1265773,BippyCraft,bippycraft,57,https://www.curseforge.com/minecraft/modpacks/bippycraft
1264331,tcord staff,tcord-staff,39,https://www.curseforge.com/minecraft/modpacks/tcord-staff
1266587,KrzakiPudlo4,krzakipudlo4,112,https://www.curseforge.com/minecraft/modpacks/krzakipudlo4
1242324,Ultimate Explorers and technology,ultimate-exporters-teck,205,https://www.curseforge.com/minecraft/modpacks/ultimate-exporters-teck
1243806,Create: Towns and Exploration,create-towns-and-exploration,289,https://www.curseforge.com/minecraft/modpacks/create-towns-and-exploration
1223011,No Social Life Club,no-social-life-club,161,https://www.curseforge.com/minecraft/modpacks/no-social-life-club
1147754,Cosmic crafters,cosmic-crafters,423,https://www.curseforge.com/minecraft/modpacks/cosmic-crafters
1263703,Realm of Tech,realm-of-tech,7,https://www.curseforge.com/minecraft/modpacks/realm-of-tech
1014247,Arcanatech,arcanatech,74,https://www.curseforge.com/minecraft/modpacks/arcanatech
1250612,The Gang Goes Mining,the-gang-goes-mining,404,https://www.curseforge.com/minecraft/modpacks/the-gang-goes-mining
1260167,Create A Magic World!,create-a-magic-world,9,https://www.curseforge.com/minecraft/modpacks/create-a-magic-world
1244538,Create Complex,create-complex,48,https://www.curseforge.com/minecraft/modpacks/create-complex
1132474,ERRORCraft+ SMP,errorcraft-smp,132,https://www.curseforge.com/minecraft/modpacks/errorcraft-smp
1257832,Jay's Overhauled,jays-minecraft-overhauled,100,https://www.curseforge.com/minecraft/modpacks/jays-minecraft-overhauled
1243836,Even More Tech Mods,need-more-tech,21,https://www.curseforge.com/minecraft/modpacks/need-more-tech
1001167,PringleCraft Re-Created,pringlecraft,575,https://www.curseforge.com/minecraft/modpacks/pringlecraft
1254640,Aerial Hamster Division,aerial-hamster-division,142,https://www.curseforge.com/minecraft/modpacks/aerial-hamster-division
1253241,Disgraza Craft - S1,disgrazacraft-s1,36,https://www.curseforge.com/minecraft/modpacks/disgrazacraft-s1
1255559,Tactical Create Zero,tactical-create-zero,139,https://www.curseforge.com/minecraft/modpacks/tactical-create-zero
1200355,EmberCore: Atomic Energy,embercore-atomic-energy,507,https://www.curseforge.com/minecraft/modpacks/embercore-atomic-energy
1242970,OakShade,oakshade,80,https://www.curseforge.com/minecraft/modpacks/oakshade
1255105,Phantom's Survival,phantoms-survival,11,https://www.curseforge.com/minecraft/modpacks/phantoms-survival
1254123,Adventure Of Friends(Tech Version),adventure-of-friends-tech-version,11,https://www.curseforge.com/minecraft/modpacks/adventure-of-friends-tech-version
1253320,YumiKeki's create 6.0.4,yumis-create,71,https://www.curseforge.com/minecraft/modpacks/yumis-create
1178894,Create: The World is Yours,create-theworldisyours,739,https://www.curseforge.com/minecraft/modpacks/create-theworldisyours
1198708,Galleta Chronicles,galletachronicles,117,https://www.curseforge.com/minecraft/modpacks/galletachronicles
892444,Create Overstressed (Cerulean Studios),create-overstressed,2135,https://www.curseforge.com/minecraft/modpacks/create-overstressed
1244636,Succulent Supreme Sorcery,succulent-supreme-sorcery,275,https://www.curseforge.com/minecraft/modpacks/succulent-supreme-sorcery
1238047,Create: Physics Adventure,create-physics-adventure,850,https://www.curseforge.com/minecraft/modpacks/create-physics-adventure
1226748,Caseyy & Cyber's Adventure,cc-adventure,255,https://www.curseforge.com/minecraft/modpacks/cc-adventure
1180420,The HeeHahs,the-heehahs,362,https://www.curseforge.com/minecraft/modpacks/the-heehahs
1244242,"Adventure Box - Explore, Quest and Thrive",mazzys-modpack,465,https://www.curseforge.com/minecraft/modpacks/mazzys-modpack
1233392,Bonkalypse,bonkalypse,68,https://www.curseforge.com/minecraft/modpacks/bonkalypse
1248615,StarCraft Mechanical,starcraft-mechanical,68,https://www.curseforge.com/minecraft/modpacks/starcraft-mechanical
1212888,Deepest Darks,deepest-darks,180,https://www.curseforge.com/minecraft/modpacks/deepest-darks
1246487,"Automation, Arcania, & Atrocities (A³)",automation-arcania-atrocities-a3,36,https://www.curseforge.com/minecraft/modpacks/automation-arcania-atrocities-a3
1246141,Hand and magic,hand-and-magic,37,https://www.curseforge.com/minecraft/modpacks/hand-and-magic
1246161,CreatorCraft - Ghaster Studios,creatorcraft-ghaster-studios,72,https://www.curseforge.com/minecraft/modpacks/creatorcraft-ghaster-studios
1226007,Steam & Secrets,steam-secrets,258,https://www.curseforge.com/minecraft/modpacks/steam-secrets
1245545,Create Eternity By:Ldiax,create-eternity-by-ldiax,33,https://www.curseforge.com/minecraft/modpacks/create-eternity-by-ldiax
1214713,Create: GearCraft  Modpack,gearcraft-project,652,https://www.curseforge.com/minecraft/modpacks/gearcraft-project
1127732,Literally All of Create,literally-all-of-create,1048,https://www.curseforge.com/minecraft/modpacks/literally-all-of-create
1242387,Kyle and Friends,kyle-and-friends,25,https://www.curseforge.com/minecraft/modpacks/kyle-and-friends
1183368,create flamed,create-flamed,124,https://www.curseforge.com/minecraft/modpacks/create-flamed
1087600,Warmongers,warmongers,250,https://www.curseforge.com/minecraft/modpacks/warmongers
1222677,Rener's Golden,rgmc,156,https://www.curseforge.com/minecraft/modpacks/rgmc
1224400,Machina Obscura,machina-obscura,110,https://www.curseforge.com/minecraft/modpacks/machina-obscura
1217225,BugDouglas' Feast & Frontier,bugdouglas-feast-frontier,215,https://www.curseforge.com/minecraft/modpacks/bugdouglas-feast-frontier
1225365,CreateReCrafted,createrecrafted,182,https://www.curseforge.com/minecraft/modpacks/createrecrafted
1237156,UGE Create,uge-create,39,https://www.curseforge.com/minecraft/modpacks/uge-create
1207429,You Were Too Late – The Dead Walk Now,you-were-too-late-the-dead-walk-now,631,https://www.curseforge.com/minecraft/modpacks/you-were-too-late-the-dead-walk-now
1222825,When Worlds Clash - Song of Elysium,when-worlds-clash-song-of-elysium,902,https://www.curseforge.com/minecraft/modpacks/when-worlds-clash-song-of-elysium
1132142,The fall of the seven sins,the-fall-of-the-seven-sins,492,https://www.curseforge.com/minecraft/modpacks/the-fall-of-the-seven-sins
1010043,Last Hope ,last-hopee,1082,https://www.curseforge.com/minecraft/modpacks/last-hopee
1111455,HellMine,hellmine,78,https://www.curseforge.com/minecraft/modpacks/hellmine
1219639,BETTER SLOVENSKEJ GRINCH,better-slovenskej-grinch,187,https://www.curseforge.com/minecraft/modpacks/better-slovenskej-grinch
1230803,Happy's Mod,happys-mod,44,https://www.curseforge.com/minecraft/modpacks/happys-mod
1221236,LK7's Factory,lk7s-factory,49,https://www.curseforge.com/minecraft/modpacks/lk7s-factory
1233618,Every Of Create,every-of-create,29,https://www.curseforge.com/minecraft/modpacks/every-of-create
1235137,Mekanism Extraterrestrial Origin,mekanism-extraterrestrial-origin,50,https://www.curseforge.com/minecraft/modpacks/mekanism-extraterrestrial-origin
1229695,Create: ABoE,create-aboe,213,https://www.curseforge.com/minecraft/modpacks/create-aboe
1230127,YOU AGAINST THE WORLD,you-against-the-world,127,https://www.curseforge.com/minecraft/modpacks/you-against-the-world
1196077,The Broken Dimension,the-broken-dimension,253,https://www.curseforge.com/minecraft/modpacks/the-broken-dimension
1222177,Diabetus III,diabetus-iii,267,https://www.curseforge.com/minecraft/modpacks/diabetus-iii
1224558,Circuit Craft,circuit-craft,56,https://www.curseforge.com/minecraft/modpacks/circuit-craft
1209656,Doppel's Worse Create,doppels-worse-create,19,https://www.curseforge.com/minecraft/modpacks/doppels-worse-create
1219008,LaForestaPack,laforestapack,227,https://www.curseforge.com/minecraft/modpacks/laforestapack
1213494,Type Shit (IGB SMP),type-shit-igbsmp,235,https://www.curseforge.com/minecraft/modpacks/type-shit-igbsmp
1226029,PixelWar,pixelwar,61,https://www.curseforge.com/minecraft/modpacks/pixelwar
1228862,Aishibi Friends,aishibi-friends,63,https://www.curseforge.com/minecraft/modpacks/aishibi-friends
947376,TOAST¬VANILLA¬PACK,toastpackvanillaplus,653,https://www.curseforge.com/minecraft/modpacks/toastpackvanillaplus
1227448,The Boys One,the-boys-one,65,https://www.curseforge.com/minecraft/modpacks/the-boys-one
532552,BORRATPMC,borratpmc,974,https://www.curseforge.com/minecraft/modpacks/borratpmc
1222510,Create And Spaces,create-and-spaces,147,https://www.curseforge.com/minecraft/modpacks/create-and-spaces
1221294,Create: Dream and Explore,dream-and-explore,270,https://www.curseforge.com/minecraft/modpacks/dream-and-explore
1202571,Cabernom Craft,cabernom-craft,342,https://www.curseforge.com/minecraft/modpacks/cabernom-craft
1222179,Create for Charity,create-for-charity,16,https://www.curseforge.com/minecraft/modpacks/create-for-charity
1223025,CREATEivity ReForged,createivity,38,https://www.curseforge.com/minecraft/modpacks/createivity
851222,L'Alliance SMP,lalliancesmp,437,https://www.curseforge.com/minecraft/modpacks/lalliancesmp
1225187,Honesty: Created World,honesty-created-world,16,https://www.curseforge.com/minecraft/modpacks/honesty-created-world
1210757,Sigma Pack | Official,sigma-pack-official,741,https://www.curseforge.com/minecraft/modpacks/sigma-pack-official
1213371,Alkopolkarens adventure pack,alkopolkarens-adventure-pack,213,https://www.curseforge.com/minecraft/modpacks/alkopolkarens-adventure-pack
1212604,Creatos,creatos-but-better,103,https://www.curseforge.com/minecraft/modpacks/creatos-but-better
1028372,Create Building Utopia,create-utopia,6409,https://www.curseforge.com/minecraft/modpacks/create-utopia
1214007,Create & Survival,create-and-survival,43,https://www.curseforge.com/minecraft/modpacks/create-and-survival
1188287,TJP - Endless Expanse,tjp-endless-expanse,653,https://www.curseforge.com/minecraft/modpacks/tjp-endless-expanse
1193391,CREATE SPACE THE PERFECT LIFE,create-space-the-perfect-life,218,https://www.curseforge.com/minecraft/modpacks/create-space-the-perfect-life
1086398,Tenshi's Slop Pack,tenshis-slop-pack,150,https://www.curseforge.com/minecraft/modpacks/tenshis-slop-pack
1183777,Relics SMP,relics-smp,565,https://www.curseforge.com/minecraft/modpacks/relics-smp
1212175,Apopalypse,apopalypse,241,https://www.curseforge.com/minecraft/modpacks/apopalypse
1216546,Jakefork's Colony Builder,jakeforks-colony-builder,22,https://www.curseforge.com/minecraft/modpacks/jakeforks-colony-builder
1179202,Fentonia,fentonia,263,https://www.curseforge.com/minecraft/modpacks/fentonia
1211276,Zimply & Lost - Early Access[ZAL],zimply-lost-early-access,177,https://www.curseforge.com/minecraft/modpacks/zimply-lost-early-access
818746,Black Eagles Package,black-eagles-package,580,https://www.curseforge.com/minecraft/modpacks/black-eagles-package
1200512,The Gentleladies community Arcane Create,gentleladies-community-mod-pack,174,https://www.curseforge.com/minecraft/modpacks/gentleladies-community-mod-pack
1213050,MrNute's Pack,mrnutes-pack,7,https://www.curseforge.com/minecraft/modpacks/mrnutes-pack
1209400,Create: Cosmos & Community,create-cosmos-community,412,https://www.curseforge.com/minecraft/modpacks/create-cosmos-community
1211878,Turtle's Create,turtles-create,22,https://www.curseforge.com/minecraft/modpacks/turtles-create
985517,For Servers: LE CREATE,le-create,357,https://www.curseforge.com/minecraft/modpacks/le-create
1191981,The Bearded Babies,the-bearded-babiess,197,https://www.curseforge.com/minecraft/modpacks/the-bearded-babiess
1209597,Create: CitySMP,create-citysmp,30,https://www.curseforge.com/minecraft/modpacks/create-citysmp
1126047,TechCraft Blocks From Beyond,techcraft-blocks-from-beyond,359,https://www.curseforge.com/minecraft/modpacks/techcraft-blocks-from-beyond
1211051,Create: Play Together,create-play-together,37,https://www.curseforge.com/minecraft/modpacks/create-play-together
1060007,Create Mechanical Engineering,create-mechanical-engineering,430,https://www.curseforge.com/minecraft/modpacks/create-mechanical-engineering
1197568,Create: Hard Core,create-hardcore-mode,90,https://www.curseforge.com/minecraft/modpacks/create-hardcore-mode
1203997,Create It Up - A Create Experience,create-it-up-a-create-experience,1417,https://www.curseforge.com/minecraft/modpacks/create-it-up-a-create-experience
1146843,Create: Ultimate [MP],create-ultimate-mp,809,https://www.curseforge.com/minecraft/modpacks/create-ultimate-mp
1210046,Two Year Create Phase!!,two-year-create-phase,17,https://www.curseforge.com/minecraft/modpacks/two-year-create-phase
1204284,Dreg Craft,dreg-craft,111,https://www.curseforge.com/minecraft/modpacks/dreg-craft
1140945,KoroPlayAdventure - KPA,koroplayadventure,210,https://www.curseforge.com/minecraft/modpacks/koroplayadventure
1168026,zafazu's Creatify,zafazus-creatify,116,https://www.curseforge.com/minecraft/modpacks/zafazus-creatify
1187532,Obsidian ledgends,obsidian-ledgends,121,https://www.curseforge.com/minecraft/modpacks/obsidian-ledgends
1153531,TerraPlus+,terraplus,394,https://www.curseforge.com/minecraft/modpacks/terraplus
1184331,CI - Create Industries,ci-create-industries,220,https://www.curseforge.com/minecraft/modpacks/ci-create-industries
1190353,Forged in Earth,forged-in-earth,310,https://www.curseforge.com/minecraft/modpacks/forged-in-earth
1205514,TG create serie,tg-create-serie,27,https://www.curseforge.com/minecraft/modpacks/tg-create-serie
834956,Hazard's Exploration Pack,hazards-modpack,919,https://www.curseforge.com/minecraft/modpacks/hazards-modpack
1204524,Create: Gearstorm,create-gearstorm,40,https://www.curseforge.com/minecraft/modpacks/create-gearstorm
1206385,Create Personal SMP,create-personal-smp,7,https://www.curseforge.com/minecraft/modpacks/create-personal-smp
1195136,Dawn Guard,dawn-guard,198,https://www.curseforge.com/minecraft/modpacks/dawn-guard
1084023,TWPI Official,twpi-official,864,https://www.curseforge.com/minecraft/modpacks/twpi-official
488136,W43,w43,785,https://www.curseforge.com/minecraft/modpacks/w43
1203937,Project Wonderlands,project-wonderlands,14,https://www.curseforge.com/minecraft/modpacks/project-wonderlands
1151040,Lost Era Craft Official - Edition,lost-era-craft-official-edition,177,https://www.curseforge.com/minecraft/modpacks/lost-era-craft-official-edition
1203271,"Create, Addons and QOL",create-addons-and-qol,38,https://www.curseforge.com/minecraft/modpacks/create-addons-and-qol
1189510,Reload Adventure,reload-adventure,131,https://www.curseforge.com/minecraft/modpacks/reload-adventure
1087852,The Buntazoidal Pack MK9,the-buntazoidal-pack-mk9,452,https://www.curseforge.com/minecraft/modpacks/the-buntazoidal-pack-mk9
1200971,Create: the final fantasy,create-the-final-fantasy,41,https://www.curseforge.com/minecraft/modpacks/create-the-final-fantasy
1186516,Nyabetter,nyabetter,183,https://www.curseforge.com/minecraft/modpacks/nyabetter
1190691,Frogs & Cogs (Discontinued),frogs-cogs,208,https://www.curseforge.com/minecraft/modpacks/frogs-cogs
1199164,Hans Epic Adventure,hans-epic-adventure,70,https://www.curseforge.com/minecraft/modpacks/hans-epic-adventure
1051105,Heart of the Craft,heart-of-the-craft-pack,181,https://www.curseforge.com/minecraft/modpacks/heart-of-the-craft-pack
972218,CREATEMANIA,createmania,652,https://www.curseforge.com/minecraft/modpacks/createmania
1113746,Create for friendos,create-for-friendos,40,https://www.curseforge.com/minecraft/modpacks/create-for-friendos
